"Campo","AC-18327","AC-18328","AC-18329","AC-18330","AC-18331","AC-18988","AC-18999","AC-19000","AC-19001","AC-19002","AC-19003","AC-19006","AC-19024","AC-19084","AC-19085","AC-19089","AC-19092","AC-19123","AC-19124","AC-19125","AC-19126","AC-19127","AC-19128"
"ID","4991537","4991539","4991541","4991543","4991545","5271760","5275563","5275590","5275591","5275593","5275595","5277917","5278784","5296404","5296671","5297855","5298724","5316922","5316923","5316924","5316925","5316926","5316927"
"Clave","AC-18327","AC-18328","AC-18329","AC-18330","AC-18331","AC-18988","AC-18999","AC-19000","AC-19001","AC-19002","AC-19003","AC-19006","AC-19024","AC-19084","AC-19085","AC-19089","AC-19092","AC-19123","AC-19124","AC-19125","AC-19126","AC-19127","AC-19128"
"ProjectGroup","5277917","5277917","5277917","5277917","5277917","5277917","5277917","5277917","5277917","5277917","5277917","5277917","5277917","5277917","5277917","5277917","5277917","5277917","5277917","5277917","5277917","5277917","5277917"
"Proyecto","AC","AC","AC","AC","AC","AC","AC","AC","AC","AC","AC","AC","AC","AC","AC","AC","AC","AC","AC","AC","AC","AC","AC"
"Tipo","Documentar Criterios de Aceptación","Subtarea","Subtarea","Subtarea","Subtarea","Testing","Solicitud de Paso a TEST","Testing de Criterios","Criterios de aceptación","Test criterios de aceptación","Test criterios de aceptación","Implementación Q&A","Subtarea","Solicitud de Paso a TEST","TEST - Validación Montaje Dev","Solicitud de Paso a TEST","TEST - Validación Montaje Dev","Solicitud Paso a Producción","Aprobación","Aprobación","Aprobación","Aprobación","Aprobación"
"Resumen","Documentar criterios de aceptación:  Corrección CRI rutas que no se notifican.","Documentar Criterios de Aceptación","Crear Lista de Chequeo y Seguimiento de Q&A","Enlazar Documentación al Consolidado QA","Socializar documentación con equipo de requerimientos","Testing CRI: Corrección CRI rutas que no se notifican.","Montar en Test - Corrección CRI rutas que no se notifican","Actualización de Última Notificación CRI","Verificar actualización del campo 'ultima notificación' por procesamiento de rutas","Validar con ruta de integración TYCA-ANUNCIO","Validar con ruta de integración TYCA-DFNITDOC","Lista de Chequeo y seguimiento QA - Corrección CRI rutas que no se notifican.","Validar montaje","Montar en Test - Corrección CRI rutas que no se notifican","Validar montaje","Montar en Test - Corrección CRI rutas que no se notifican","Validar montaje","Implementar en PRODUCCION la corrección CRI rutas que no se notifican","Aprobación Calidad y Pruebas","Aprobación por Desarrollador","Aprobación Base Datos","Aprobación Arquitectura y Codigo","Aprobación del Desarrollo"
"Estado","Cerrado","Cerrado","Cerrado","Cerrado","Cerrado","Cerrado","Cerrado","Cerrado","Cerrado","Cerrado","Cerrado","Cerrado","Cerrado","Cerrado","Cerrado","Cerrado","Cerrado","Cerrado","Aceptado","Aceptado","Aceptado","Aceptado","Aceptado"
"Reporter","Oscar Javier Ballesteros Pacheco","Automation for Jira","Automation for Jira","Automation for Jira","Automation for Jira","Oscar Javier Ballesteros Pacheco","Jesús Antonio Clavijo Castellar","Jesús Antonio Clavijo Castellar","Jesús Antonio Clavijo Castellar","Jesús Antonio Clavijo Castellar","Jesús Antonio Clavijo Castellar","Jesús Antonio Clavijo Castellar","Diego Andres Cardenas Criado","Rudy Enrique Romero Osorio","Diego Andres Cardenas Criado","Rudy Enrique Romero Osorio","Diego Andres Cardenas Criado","Yeixel Sbel Yemail Tous","Yeixel Sbel Yemail Tous","Yeixel Sbel Yemail Tous","Yeixel Sbel Yemail Tous","Yeixel Sbel Yemail Tous","Yeixel Sbel Yemail Tous"
"Responsable","Jesús Antonio Clavijo Castellar","Jesús Antonio Clavijo Castellar","Jesús Antonio Clavijo Castellar","Jesús Antonio Clavijo Castellar","Katerine Cueter Paredes","Rudy Enrique Romero Osorio","Diego Andres Cardenas Criado","Rudy Enrique Romero Osorio","Rudy Enrique Romero Osorio","Rudy Enrique Romero Osorio","Rudy Enrique Romero Osorio","Jesús Antonio Clavijo Castellar","Oscar Javier Ballesteros Pacheco","Diego Andres Cardenas Criado","Oscar Javier Ballesteros Pacheco","Diego Andres Cardenas Criado","Oscar Javier Ballesteros Pacheco","Ernesto Botero","Yeixel Sbel Yemail Tous","Oscar Javier Ballesteros Pacheco","Orlando Rodriguez Cabeza","Ronald Andres Carrascal Carreazo","Ernesto Botero"
"Creada","16-03-2026 11:35:29","16-03-2026 11:35:32","16-03-2026 11:35:33","16-03-2026 11:35:35","16-03-2026 11:35:37","06-07-2026 10:33:39","07-07-2026 14:19:01","07-07-2026 14:21:51","07-07-2026 14:21:53","07-07-2026 14:21:55","07-07-2026 14:21:58","08-07-2026 10:33:22","08-07-2026 15:02:31","16-07-2026 11:50:44","16-07-2026 13:29:48","16-07-2026 17:19:59","17-07-2026 08:06:03","24-07-2026 16:48:55","24-07-2026 16:48:57","24-07-2026 16:48:58","24-07-2026 16:49:00","24-07-2026 16:49:01","24-07-2026 16:49:03"
"Actualizada","08-07-2026 10:42:43","08-07-2026 10:41:39","08-07-2026 10:41:25","08-07-2026 10:41:32","18-03-2026 10:31:40","24-07-2026 16:50:38","16-07-2026 11:51:05","17-07-2026 15:13:58","17-07-2026 15:13:33","17-07-2026 13:55:27","17-07-2026 15:13:16","31-07-2026 11:20:34","08-07-2026 15:22:46","16-07-2026 17:20:13","16-07-2026 13:32:54","17-07-2026 09:18:28","17-07-2026 09:15:10","31-07-2026 15:09:50","24-07-2026 16:49:45","27-07-2026 08:15:30","26-07-2026 22:46:38","28-07-2026 07:40:41","29-07-2026 10:07:29"
"Padre","","AC-18327","AC-18327","AC-18327","AC-18327","","","","","AC-19001","AC-19001","","AC-18999","","AC-19084","","AC-19089","","AC-19123","AC-19123","AC-19123","AC-19123","AC-19123"
"Estimación","0","0","0","0","0","0","0","0","0","0","0","0","0","0","0","0","0","0","","","","",""
"Tiempo empleado","16800","","","","1800","52200","","","","","","1800","4500","","","","","","","","","",""
"Enlaces","[{""id"":""192751"",""self"":""https://puertodecartagena.atlassian.net/rest/api/3/issueLink/192751"",""type"":{""id"":""10007"",""name"":""Encadenar"",""inward"":""Segundo"",""outward"":""Primero"",""self"":""https://puertodecartagena.atlassian.net/rest/api/3/issueLinkType/10007""},""outwardIssue"":{""id"":""4986878"",""key"":""AC-18326"",""self"":""https://puertodecartagena.atlassian.net/rest/api/3/issue/4986878"",""fields"":{""summary"":""Corrección CRI rutas que no se reportar"",""status"":{""self"":""https://puertodecartagena.atlassian.net/rest/api/3/status/6"",""description"":""The issue is considered finished, the resolution is correct. Issues which are closed can be reopened."",""iconUrl"":""https://puertodecartagena.atlassian.net/images/icons/statuses/closed.png"",""name"":""Cerrado"",""id"":""6"",""statusCategory"":{""self"":""https://puertodecartagena.atlassian.net/rest/api/3/statuscategory/3"",""id"":3,""key"":""done"",""colorName"":""green"",""name"":""Listo""}},""priority"":{""self"":""https://puertodecartagena.atlassian.net/rest/api/3/priority/10006"",""iconUrl"":""https://puertodecartagena.atlassian.net/images/icons/priorities/critical.svg"",""name"":""Crítica"",""id"":""10006""},""issuetype"":{""self"":""https://puertodecartagena.atlassian.net/rest/api/3/issuetype/10005"",""id"":""10005"",""description"":""Un trabajo pequeño e independiente."",""iconUrl"":""https://puertodecartagena.atlassian.net/rest/api/2/universal_avatar/view/type/issuetype/avatar/10318?size=medium"",""name"":""Tarea"",""subtask"":false,""avatarId"":10318,""hierarchyLevel"":0}}}},{""id"":""208554"",""self"":""https://puertodecartagena.atlassian.net/rest/api/3/issueLink/208554"",""type"":{""id"":""10007"",""name"":""Encadenar"",""inward"":""Segundo"",""outward"":""Primero"",""self"":""https://puertodecartagena.atlassian.net/rest/api/3/issueLinkType/10007""},""inwardIssue"":{""id"":""5271760"",""key"":""AC-18988"",""self"":""https://puertodecartagena.atlassian.net/rest/api/3/issue/5271760"",""fields"":{""summary"":""Testing CRI: Corrección CRI rutas que no se notifican."",""status"":{""self"":""https://puertodecartagena.atlassian.net/rest/api/3/status/6"",""description"":""The issue is considered finished, the resolution is correct. Issues which are closed can be reopened."",""iconUrl"":""https://puertodecartagena.atlassian.net/images/icons/statuses/closed.png"",""name"":""Cerrado"",""id"":""6"",""statusCategory"":{""self"":""https://puertodecartagena.atlassian.net/rest/api/3/statuscategory/3"",""id"":3,""key"":""done"",""colorName"":""green"",""name"":""Listo""}},""priority"":{""self"":""https://puertodecartagena.atlassian.net/rest/api/3/priority/10006"",""iconUrl"":""https://puertodecartagena.atlassian.net/images/icons/priorities/critical.svg"",""name"":""Crítica"",""id"":""10006""},""issuetype"":{""self"":""https://puertodecartagena.atlassian.net/rest/api/3/issuetype/10031"",""id"":""10031"",""description"":""Solicitud de Testing "",""iconUrl"":""https://puertodecartagena.atlassian.net/rest/api/2/universal_avatar/view/type/issuetype/avatar/10571?size=medium"",""name"":""Testing"",""subtask"":false,""avatarId"":10571,""hierarchyLevel"":0}}}}]","[]","[]","[]","[]","[{""id"":""208554"",""self"":""https://puertodecartagena.atlassian.net/rest/api/3/issueLink/208554"",""type"":{""id"":""10007"",""name"":""Encadenar"",""inward"":""Segundo"",""outward"":""Primero"",""self"":""https://puertodecartagena.atlassian.net/rest/api/3/issueLinkType/10007""},""outwardIssue"":{""id"":""4991537"",""key"":""AC-18327"",""self"":""https://puertodecartagena.atlassian.net/rest/api/3/issue/4991537"",""fields"":{""summary"":""Documentar criterios de aceptación:  Corrección CRI rutas que no se notifican."",""status"":{""self"":""https://puertodecartagena.atlassian.net/rest/api/3/status/6"",""description"":""The issue is considered finished, the resolution is correct. Issues which are closed can be reopened."",""iconUrl"":""https://puertodecartagena.atlassian.net/images/icons/statuses/closed.png"",""name"":""Cerrado"",""id"":""6"",""statusCategory"":{""self"":""https://puertodecartagena.atlassian.net/rest/api/3/statuscategory/3"",""id"":3,""key"":""done"",""colorName"":""green"",""name"":""Listo""}},""priority"":{""self"":""https://puertodecartagena.atlassian.net/rest/api/3/priority/10006"",""iconUrl"":""https://puertodecartagena.atlassian.net/images/icons/priorities/critical.svg"",""name"":""Crítica"",""id"":""10006""},""issuetype"":{""self"":""https://puertodecartagena.atlassian.net/rest/api/3/issuetype/10036"",""id"":""10036"",""description"":"""",""iconUrl"":""https://puertodecartagena.atlassian.net/rest/api/2/universal_avatar/view/type/issuetype/avatar/10561?size=medium"",""name"":""Documentar Criterios de Aceptación"",""subtask"":false,""avatarId"":10561,""hierarchyLevel"":0}}}},{""id"":""208766"",""self"":""https://puertodecartagena.atlassian.net/rest/api/3/issueLink/208766"",""type"":{""id"":""10007"",""name"":""Encadenar"",""inward"":""Segundo"",""outward"":""Primero"",""self"":""https://puertodecartagena.atlassian.net/rest/api/3/issueLinkType/10007""},""inwardIssue"":{""id"":""5275563"",""key"":""AC-18999"",""self"":""https://puertodecartagena.atlassian.net/rest/api/3/issue/5275563"",""fields"":{""summary"":""Montar en Test - Corrección CRI rutas que no se notifican"",""status"":{""self"":""https://puertodecartagena.atlassian.net/rest/api/3/status/6"",""description"":""The issue is considered finished, the resolution is correct. Issues which are closed can be reopened."",""iconUrl"":""https://puertodecartagena.atlassian.net/images/icons/statuses/closed.png"",""name"":""Cerrado"",""id"":""6"",""statusCategory"":{""self"":""https://puertodecartagena.atlassian.net/rest/api/3/statuscategory/3"",""id"":3,""key"":""done"",""colorName"":""green"",""name"":""Listo""}},""priority"":{""self"":""https://puertodecartagena.atlassian.net/rest/api/3/priority/10002"",""iconUrl"":""https://puertodecartagena.atlassian.net/images/icons/priorities/major.svg"",""name"":""Mayor"",""id"":""10002""},""issuetype"":{""self"":""https://puertodecartagena.atlassian.net/rest/api/3/issuetype/11103"",""id"":""11103"",""description"":"""",""iconUrl"":""https://puertodecartagena.atlassian.net/rest/api/2/universal_avatar/view/type/issuetype/avatar/10313?size=medium"",""name"":""Solicitud de Paso a TEST"",""subtask"":false,""avatarId"":10313,""hierarchyLevel"":0}}}},{""id"":""208768"",""self"":""https://puertodecartagena.atlassian.net/rest/api/3/issueLink/208768"",""type"":{""id"":""10007"",""name"":""Encadenar"",""inward"":""Segundo"",""outward"":""Primero"",""self"":""https://puertodecartagena.atlassian.net/rest/api/3/issueLinkType/10007""},""inwardIssue"":{""id"":""5275590"",""key"":""AC-19000"",""self"":""https://puertodecartagena.atlassian.net/rest/api/3/issue/5275590"",""fields"":{""summary"":""Actualización de Última Notificación CRI"",""status"":{""self"":""https://puertodecartagena.atlassian.net/rest/api/3/status/6"",""description"":""The issue is considered finished, the resolution is correct. Issues which are closed can be reopened."",""iconUrl"":""https://puertodecartagena.atlassian.net/images/icons/statuses/closed.png"",""name"":""Cerrado"",""id"":""6"",""statusCategory"":{""self"":""https://puertodecartagena.atlassian.net/rest/api/3/statuscategory/3"",""id"":3,""key"":""done"",""colorName"":""green"",""name"":""Listo""}},""priority"":{""self"":""https://puertodecartagena.atlassian.net/rest/api/3/priority/10006"",""iconUrl"":""https://puertodecartagena.atlassian.net/images/icons/priorities/critical.svg"",""name"":""Crítica"",""id"":""10006""},""issuetype"":{""self"":""https://puertodecartagena.atlassian.net/rest/api/3/issuetype/10044"",""id"":""10044"",""description"":""Testing de Criterios "",""iconUrl"":""https://puertodecartagena.atlassian.net/rest/api/2/universal_avatar/view/type/issuetype/avatar/10567?size=medium"",""name"":""Testing de Criterios"",""subtask"":false,""avatarId"":10567,""hierarchyLevel"":0}}}},{""id"":""208873"",""self"":""https://puertodecartagena.atlassian.net/rest/api/3/issueLink/208873"",""type"":{""id"":""10007"",""name"":""Encadenar"",""inward"":""Segundo"",""outward"":""Primero"",""self"":""https://puertodecartagena.atlassian.net/rest/api/3/issueLinkType/10007""},""inwardIssue"":{""id"":""5277917"",""key"":""AC-19006"",""self"":""https://puertodecartagena.atlassian.net/rest/api/3/issue/5277917"",""fields"":{""summary"":""Lista de Chequeo y seguimiento QA - Corrección CRI rutas que no se notifican."",""status"":{""self"":""https://puertodecartagena.atlassian.net/rest/api/3/status/6"",""description"":""The issue is considered finished, the resolution is correct. Issues which are closed can be reopened."",""iconUrl"":""https://puertodecartagena.atlassian.net/images/icons/statuses/closed.png"",""name"":""Cerrado"",""id"":""6"",""statusCategory"":{""self"":""https://puertodecartagena.atlassian.net/rest/api/3/statuscategory/3"",""id"":3,""key"":""done"",""colorName"":""green"",""name"":""Listo""}},""priority"":{""self"":""https://puertodecartagena.atlassian.net/rest/api/3/priority/10002"",""iconUrl"":""https://puertodecartagena.atlassian.net/images/icons/priorities/major.svg"",""name"":""Mayor"",""id"":""10002""},""issuetype"":{""self"":""https://puertodecartagena.atlassian.net/rest/api/3/issuetype/10045"",""id"":""10045"",""description"":"""",""iconUrl"":""https://puertodecartagena.atlassian.net/rest/api/2/universal_avatar/view/type/issuetype/avatar/10300?size=medium"",""name"":""Implementación Q&A"",""subtask"":false,""avatarId"":10300,""hierarchyLevel"":0}}}},{""id"":""208874"",""self"":""https://puertodecartagena.atlassian.net/rest/api/3/issueLink/208874"",""type"":{""id"":""10007"",""name"":""Encadenar"",""inward"":""Segundo"",""outward"":""Primero"",""self"":""https://puertodecartagena.atlassian.net/rest/api/3/issueLinkType/10007""},""inwardIssue"":{""id"":""5277918"",""key"":""AC-19007"",""self"":""https://puertodecartagena.atlassian.net/rest/api/3/issue/5277918"",""fields"":{""summary"":""Automatización - Corrección CRI rutas que no se notifican."",""status"":{""self"":""https://puertodecartagena.atlassian.net/rest/api/3/status/6"",""description"":""The issue is considered finished, the resolution is correct. Issues which are closed can be reopened."",""iconUrl"":""https://puertodecartagena.atlassian.net/images/icons/statuses/closed.png"",""name"":""Cerrado"",""id"":""6"",""statusCategory"":{""self"":""https://puertodecartagena.atlassian.net/rest/api/3/statuscategory/3"",""id"":3,""key"":""done"",""colorName"":""green"",""name"":""Listo""}},""priority"":{""self"":""https://puertodecartagena.atlassian.net/rest/api/3/priority/10003"",""iconUrl"":""https://puertodecartagena.atlassian.net/images/icons/priorities/minor.svg"",""name"":""Menor"",""id"":""10003""},""issuetype"":{""self"":""https://puertodecartagena.atlassian.net/rest/api/3/issuetype/10034"",""id"":""10034"",""description"":"""",""iconUrl"":""https://puertodecartagena.atlassian.net/rest/api/2/universal_avatar/view/type/issuetype/avatar/10559?size=medium"",""name"":""Criterios – Pruebas Automáticas"",""subtask"":false,""avatarId"":10559,""hierarchyLevel"":0}}}},{""id"":""210172"",""self"":""https://puertodecartagena.atlassian.net/rest/api/3/issueLink/210172"",""type"":{""id"":""10007"",""name"":""Encadenar"",""inward"":""Segundo"",""outward"":""Primero"",""self"":""https://puertodecartagena.atlassian.net/rest/api/3/issueLinkType/10007""},""inwardIssue"":{""id"":""5296215"",""key"":""AC-19074"",""self"":""https://puertodecartagena.atlassian.net/rest/api/3/issue/5296215"",""fields"":{""summary"":""ADMON: Corrección CRI rutas que no se notifican"",""status"":{""self"":""https://puertodecartagena.atlassian.net/rest/api/3/status/6"",""description"":""The issue is considered finished, the resolution is correct. Issues which are closed can be reopened."",""iconUrl"":""https://puertodecartagena.atlassian.net/images/icons/statuses/closed.png"",""name"":""Cerrado"",""id"":""6"",""statusCategory"":{""self"":""https://puertodecartagena.atlassian.net/rest/api/3/statuscategory/3"",""id"":3,""key"":""done"",""colorName"":""green"",""name"":""Listo""}},""priority"":{""self"":""https://puertodecartagena.atlassian.net/rest/api/3/priority/10002"",""iconUrl"":""https://puertodecartagena.atlassian.net/images/icons/priorities/major.svg"",""name"":""Mayor"",""id"":""10002""},""issuetype"":{""self"":""https://puertodecartagena.atlassian.net/rest/api/3/issuetype/10046"",""id"":""10046"",""description"":""Jira principal para ambiente de Pre-Producción "",""iconUrl"":""https://puertodecartagena.atlassian.net/rest/api/2/universal_avatar/view/type/issuetype/avatar/10307?size=medium"",""name"":""Admon Pre-Produccion"",""subtask"":false,""avatarId"":10307,""hierarchyLevel"":0}}}},{""id"":""210184"",""self"":""https://puertodecartagena.atlassian.net/rest/api/3/issueLink/210184"",""type"":{""id"":""10007"",""name"":""Encadenar"",""inward"":""Segundo"",""outward"":""Primero"",""self"":""https://puertodecartagena.atlassian.net/rest/api/3/issueLinkType/10007""},""inwardIssue"":{""id"":""5296404"",""key"":""AC-19084"",""self"":""https://puertodecartagena.atlassian.net/rest/api/3/issue/5296404"",""fields"":{""summary"":""Montar en Test - Corrección CRI rutas que no se notifican"",""status"":{""self"":""https://puertodecartagena.atlassian.net/rest/api/3/status/6"",""description"":""The issue is considered finished, the resolution is correct. Issues which are closed can be reopened."",""iconUrl"":""https://puertodecartagena.atlassian.net/images/icons/statuses/closed.png"",""name"":""Cerrado"",""id"":""6"",""statusCategory"":{""self"":""https://puertodecartagena.atlassian.net/rest/api/3/statuscategory/3"",""id"":3,""key"":""done"",""colorName"":""green"",""name"":""Listo""}},""priority"":{""self"":""https://puertodecartagena.atlassian.net/rest/api/3/priority/10002"",""iconUrl"":""https://puertodecartagena.atlassian.net/images/icons/priorities/major.svg"",""name"":""Mayor"",""id"":""10002""},""issuetype"":{""self"":""https://puertodecartagena.atlassian.net/rest/api/3/issuetype/11103"",""id"":""11103"",""description"":"""",""iconUrl"":""https://puertodecartagena.atlassian.net/rest/api/2/universal_avatar/view/type/issuetype/avatar/10313?size=medium"",""name"":""Solicitud de Paso a TEST"",""subtask"":false,""avatarId"":10313,""hierarchyLevel"":0}}}},{""id"":""210279"",""self"":""https://puertodecartagena.atlassian.net/rest/api/3/issueLink/210279"",""type"":{""id"":""10007"",""name"":""Encadenar"",""inward"":""Segundo"",""outward"":""Primero"",""self"":""https://puertodecartagena.atlassian.net/rest/api/3/issueLinkType/10007""},""inwardIssue"":{""id"":""5297855"",""key"":""AC-19089"",""self"":""https://puertodecartagena.atlassian.net/rest/api/3/issue/5297855"",""fields"":{""summary"":""Montar en Test - Corrección CRI rutas que no se notifican"",""status"":{""self"":""https://puertodecartagena.atlassian.net/rest/api/3/status/6"",""description"":""The issue is considered finished, the resolution is correct. Issues which are closed can be reopened."",""iconUrl"":""https://puertodecartagena.atlassian.net/images/icons/statuses/closed.png"",""name"":""Cerrado"",""id"":""6"",""statusCategory"":{""self"":""https://puertodecartagena.atlassian.net/rest/api/3/statuscategory/3"",""id"":3,""key"":""done"",""colorName"":""green"",""name"":""Listo""}},""priority"":{""self"":""https://puertodecartagena.atlassian.net/rest/api/3/priority/10002"",""iconUrl"":""https://puertodecartagena.atlassian.net/images/icons/priorities/major.svg"",""name"":""Mayor"",""id"":""10002""},""issuetype"":{""self"":""https://puertodecartagena.atlassian.net/rest/api/3/issuetype/11103"",""id"":""11103"",""description"":"""",""iconUrl"":""https://puertodecartagena.atlassian.net/rest/api/2/universal_avatar/view/type/issuetype/avatar/10313?size=medium"",""name"":""Solicitud de Paso a TEST"",""subtask"":false,""avatarId"":10313,""hierarchyLevel"":0}}}},{""id"":""211405"",""self"":""https://puertodecartagena.atlassian.net/rest/api/3/issueLink/211405"",""type"":{""id"":""10007"",""name"":""Encadenar"",""inward"":""Segundo"",""outward"":""Primero"",""self"":""https://puertodecartagena.atlassian.net/rest/api/3/issueLinkType/10007""},""inwardIssue"":{""id"":""5316922"",""key"":""AC-19123"",""self"":""https://puertodecartagena.atlassian.net/rest/api/3/issue/5316922"",""fields"":{""summary"":""Implementar en PRODUCCION la corrección CRI rutas que no se notifican"",""status"":{""self"":""https://puertodecartagena.atlassian.net/rest/api/3/status/6"",""description"":""The issue is considered finished, the resolution is correct. Issues which are closed can be reopened."",""iconUrl"":""https://puertodecartagena.atlassian.net/images/icons/statuses/closed.png"",""name"":""Cerrado"",""id"":""6"",""statusCategory"":{""self"":""https://puertodecartagena.atlassian.net/rest/api/3/statuscategory/3"",""id"":3,""key"":""done"",""colorName"":""green"",""name"":""Listo""}},""priority"":{""self"":""https://puertodecartagena.atlassian.net/rest/api/3/priority/10006"",""iconUrl"":""https://puertodecartagena.atlassian.net/images/icons/priorities/critical.svg"",""name"":""Crítica"",""id"":""10006""},""issuetype"":{""self"":""https://puertodecartagena.atlassian.net/rest/api/3/issuetype/10040"",""id"":""10040"",""description"":""Solicitud de paso a producción"",""iconUrl"":""https://puertodecartagena.atlassian.net/rest/api/2/universal_avatar/view/type/issuetype/avatar/10565?size=medium"",""name"":""Solicitud Paso a Producción"",""subtask"":false,""avatarId"":10565,""hierarchyLevel"":0}}}}]","[{""id"":""208766"",""self"":""https://puertodecartagena.atlassian.net/rest/api/3/issueLink/208766"",""type"":{""id"":""10007"",""name"":""Encadenar"",""inward"":""Segundo"",""outward"":""Primero"",""self"":""https://puertodecartagena.atlassian.net/rest/api/3/issueLinkType/10007""},""outwardIssue"":{""id"":""5271760"",""key"":""AC-18988"",""self"":""https://puertodecartagena.atlassian.net/rest/api/3/issue/5271760"",""fields"":{""summary"":""Testing CRI: Corrección CRI rutas que no se notifican."",""status"":{""self"":""https://puertodecartagena.atlassian.net/rest/api/3/status/6"",""description"":""The issue is considered finished, the resolution is correct. Issues which are closed can be reopened."",""iconUrl"":""https://puertodecartagena.atlassian.net/images/icons/statuses/closed.png"",""name"":""Cerrado"",""id"":""6"",""statusCategory"":{""self"":""https://puertodecartagena.atlassian.net/rest/api/3/statuscategory/3"",""id"":3,""key"":""done"",""colorName"":""green"",""name"":""Listo""}},""priority"":{""self"":""https://puertodecartagena.atlassian.net/rest/api/3/priority/10006"",""iconUrl"":""https://puertodecartagena.atlassian.net/images/icons/priorities/critical.svg"",""name"":""Crítica"",""id"":""10006""},""issuetype"":{""self"":""https://puertodecartagena.atlassian.net/rest/api/3/issuetype/10031"",""id"":""10031"",""description"":""Solicitud de Testing "",""iconUrl"":""https://puertodecartagena.atlassian.net/rest/api/2/universal_avatar/view/type/issuetype/avatar/10571?size=medium"",""name"":""Testing"",""subtask"":false,""avatarId"":10571,""hierarchyLevel"":0}}}}]","[{""id"":""208767"",""self"":""https://puertodecartagena.atlassian.net/rest/api/3/issueLink/208767"",""type"":{""id"":""10007"",""name"":""Encadenar"",""inward"":""Segundo"",""outward"":""Primero"",""self"":""https://puertodecartagena.atlassian.net/rest/api/3/issueLinkType/10007""},""inwardIssue"":{""id"":""5275591"",""key"":""AC-19001"",""self"":""https://puertodecartagena.atlassian.net/rest/api/3/issue/5275591"",""fields"":{""summary"":""Verificar actualización del campo 'ultima notificación' por procesamiento de rutas"",""status"":{""self"":""https://puertodecartagena.atlassian.net/rest/api/3/status/6"",""description"":""The issue is considered finished, the resolution is correct. Issues which are closed can be reopened."",""iconUrl"":""https://puertodecartagena.atlassian.net/images/icons/statuses/closed.png"",""name"":""Cerrado"",""id"":""6"",""statusCategory"":{""self"":""https://puertodecartagena.atlassian.net/rest/api/3/statuscategory/3"",""id"":3,""key"":""done"",""colorName"":""green"",""name"":""Listo""}},""priority"":{""self"":""https://puertodecartagena.atlassian.net/rest/api/3/priority/10006"",""iconUrl"":""https://puertodecartagena.atlassian.net/images/icons/priorities/critical.svg"",""name"":""Crítica"",""id"":""10006""},""issuetype"":{""self"":""https://puertodecartagena.atlassian.net/rest/api/3/issuetype/10033"",""id"":""10033"",""description"":""Incidencia para el manejo de criterios de aceptación en el proceso de desarrollo de software "",""iconUrl"":""https://puertodecartagena.atlassian.net/rest/api/2/universal_avatar/view/type/issuetype/avatar/10558?size=medium"",""name"":""Criterios de aceptación"",""subtask"":false,""avatarId"":10558,""hierarchyLevel"":0}}}},{""id"":""208768"",""self"":""https://puertodecartagena.atlassian.net/rest/api/3/issueLink/208768"",""type"":{""id"":""10007"",""name"":""Encadenar"",""inward"":""Segundo"",""outward"":""Primero"",""self"":""https://puertodecartagena.atlassian.net/rest/api/3/issueLinkType/10007""},""outwardIssue"":{""id"":""5271760"",""key"":""AC-18988"",""self"":""https://puertodecartagena.atlassian.net/rest/api/3/issue/5271760"",""fields"":{""summary"":""Testing CRI: Corrección CRI rutas que no se notifican."",""status"":{""self"":""https://puertodecartagena.atlassian.net/rest/api/3/status/6"",""description"":""The issue is considered finished, the resolution is correct. Issues which are closed can be reopened."",""iconUrl"":""https://puertodecartagena.atlassian.net/images/icons/statuses/closed.png"",""name"":""Cerrado"",""id"":""6"",""statusCategory"":{""self"":""https://puertodecartagena.atlassian.net/rest/api/3/statuscategory/3"",""id"":3,""key"":""done"",""colorName"":""green"",""name"":""Listo""}},""priority"":{""self"":""https://puertodecartagena.atlassian.net/rest/api/3/priority/10006"",""iconUrl"":""https://puertodecartagena.atlassian.net/images/icons/priorities/critical.svg"",""name"":""Crítica"",""id"":""10006""},""issuetype"":{""self"":""https://puertodecartagena.atlassian.net/rest/api/3/issuetype/10031"",""id"":""10031"",""description"":""Solicitud de Testing "",""iconUrl"":""https://puertodecartagena.atlassian.net/rest/api/2/universal_avatar/view/type/issuetype/avatar/10571?size=medium"",""name"":""Testing"",""subtask"":false,""avatarId"":10571,""hierarchyLevel"":0}}}},{""id"":""210162"",""self"":""https://puertodecartagena.atlassian.net/rest/api/3/issueLink/210162"",""type"":{""id"":""10007"",""name"":""Encadenar"",""inward"":""Segundo"",""outward"":""Primero"",""self"":""https://puertodecartagena.atlassian.net/rest/api/3/issueLinkType/10007""},""inwardIssue"":{""id"":""5296116"",""key"":""AC-19073"",""self"":""https://puertodecartagena.atlassian.net/rest/api/3/issue/5296116"",""fields"":{""summary"":""Horas erradas en Fecha de notificación en el CRI."",""status"":{""self"":""https://puertodecartagena.atlassian.net/rest/api/3/status/6"",""description"":""The issue is considered finished, the resolution is correct. Issues which are closed can be reopened."",""iconUrl"":""https://puertodecartagena.atlassian.net/images/icons/statuses/closed.png"",""name"":""Cerrado"",""id"":""6"",""statusCategory"":{""self"":""https://puertodecartagena.atlassian.net/rest/api/3/statuscategory/3"",""id"":3,""key"":""done"",""colorName"":""green"",""name"":""Listo""}},""priority"":{""self"":""https://puertodecartagena.atlassian.net/rest/api/3/priority/10006"",""iconUrl"":""https://puertodecartagena.atlassian.net/images/icons/priorities/critical.svg"",""name"":""Crítica"",""id"":""10006""},""issuetype"":{""self"":""https://puertodecartagena.atlassian.net/rest/api/3/issuetype/10010"",""id"":""10010"",""description"":""Correccion originada por revision de Testing"",""iconUrl"":""https://puertodecartagena.atlassian.net/rest/api/2/universal_avatar/view/type/issuetype/avatar/10557?size=medium"",""name"":""Correccion por Testing"",""subtask"":false,""avatarId"":10557,""hierarchyLevel"":0}}}},{""id"":""210220"",""self"":""https://puertodecartagena.atlassian.net/rest/api/3/issueLink/210220"",""type"":{""id"":""10007"",""name"":""Encadenar"",""inward"":""Segundo"",""outward"":""Primero"",""self"":""https://puertodecartagena.atlassian.net/rest/api/3/issueLinkType/10007""},""inwardIssue"":{""id"":""5297028"",""key"":""AC-19086"",""self"":""https://puertodecartagena.atlassian.net/rest/api/3/issue/5297028"",""fields"":{""summary"":""Ruta Tyca_anuncio CNR - TYCA_DNITDOC estan procesando los registros de SPRC y se está actualizando en notificación la de SPRC."",""status"":{""self"":""https://puertodecartagena.atlassian.net/rest/api/3/status/6"",""description"":""The issue is considered finished, the resolution is correct. Issues which are closed can be reopened."",""iconUrl"":""https://puertodecartagena.atlassian.net/images/icons/statuses/closed.png"",""name"":""Cerrado"",""id"":""6"",""statusCategory"":{""self"":""https://puertodecartagena.atlassian.net/rest/api/3/statuscategory/3"",""id"":3,""key"":""done"",""colorName"":""green"",""name"":""Listo""}},""priority"":{""self"":""https://puertodecartagena.atlassian.net/rest/api/3/priority/10006"",""iconUrl"":""https://puertodecartagena.atlassian.net/images/icons/priorities/critical.svg"",""name"":""Crítica"",""id"":""10006""},""issuetype"":{""self"":""https://puertodecartagena.atlassian.net/rest/api/3/issuetype/10010"",""id"":""10010"",""description"":""Correccion originada por revision de Testing"",""iconUrl"":""https://puertodecartagena.atlassian.net/rest/api/2/universal_avatar/view/type/issuetype/avatar/10557?size=medium"",""name"":""Correccion por Testing"",""subtask"":false,""avatarId"":10557,""hierarchyLevel"":0}}}},{""id"":""210351"",""self"":""https://puertodecartagena.atlassian.net/rest/api/3/issueLink/210351"",""type"":{""id"":""10007"",""name"":""Encadenar"",""inward"":""Segundo"",""outward"":""Primero"",""self"":""https://puertodecartagena.atlassian.net/rest/api/3/issueLinkType/10007""},""inwardIssue"":{""id"":""5299474"",""key"":""AC-19093"",""self"":""https://puertodecartagena.atlassian.net/rest/api/3/issue/5299474"",""fields"":{""summary"":""Ruta TYCA-ANUNCIO-CNR  esta procesando los registros de SPRC"",""status"":{""self"":""https://puertodecartagena.atlassian.net/rest/api/3/status/6"",""description"":""The issue is considered finished, the resolution is correct. Issues which are closed can be reopened."",""iconUrl"":""https://puertodecartagena.atlassian.net/images/icons/statuses/closed.png"",""name"":""Cerrado"",""id"":""6"",""statusCategory"":{""self"":""https://puertodecartagena.atlassian.net/rest/api/3/statuscategory/3"",""id"":3,""key"":""done"",""colorName"":""green"",""name"":""Listo""}},""priority"":{""self"":""https://puertodecartagena.atlassian.net/rest/api/3/priority/10006"",""iconUrl"":""https://puertodecartagena.atlassian.net/images/icons/priorities/critical.svg"",""name"":""Crítica"",""id"":""10006""},""issuetype"":{""self"":""https://puertodecartagena.atlassian.net/rest/api/3/issuetype/10010"",""id"":""10010"",""description"":""Correccion originada por revision de Testing"",""iconUrl"":""https://puertodecartagena.atlassian.net/rest/api/2/universal_avatar/view/type/issuetype/avatar/10557?size=medium"",""name"":""Correccion por Testing"",""subtask"":false,""avatarId"":10557,""hierarchyLevel"":0}}}}]","[{""id"":""208767"",""self"":""https://puertodecartagena.atlassian.net/rest/api/3/issueLink/208767"",""type"":{""id"":""10007"",""name"":""Encadenar"",""inward"":""Segundo"",""outward"":""Primero"",""self"":""https://puertodecartagena.atlassian.net/rest/api/3/issueLinkType/10007""},""outwardIssue"":{""id"":""5275590"",""key"":""AC-19000"",""self"":""https://puertodecartagena.atlassian.net/rest/api/3/issue/5275590"",""fields"":{""summary"":""Actualización de Última Notificación CRI"",""status"":{""self"":""https://puertodecartagena.atlassian.net/rest/api/3/status/6"",""description"":""The issue is considered finished, the resolution is correct. Issues which are closed can be reopened."",""iconUrl"":""https://puertodecartagena.atlassian.net/images/icons/statuses/closed.png"",""name"":""Cerrado"",""id"":""6"",""statusCategory"":{""self"":""https://puertodecartagena.atlassian.net/rest/api/3/statuscategory/3"",""id"":3,""key"":""done"",""colorName"":""green"",""name"":""Listo""}},""priority"":{""self"":""https://puertodecartagena.atlassian.net/rest/api/3/priority/10006"",""iconUrl"":""https://puertodecartagena.atlassian.net/images/icons/priorities/critical.svg"",""name"":""Crítica"",""id"":""10006""},""issuetype"":{""self"":""https://puertodecartagena.atlassian.net/rest/api/3/issuetype/10044"",""id"":""10044"",""description"":""Testing de Criterios "",""iconUrl"":""https://puertodecartagena.atlassian.net/rest/api/2/universal_avatar/view/type/issuetype/avatar/10567?size=medium"",""name"":""Testing de Criterios"",""subtask"":false,""avatarId"":10567,""hierarchyLevel"":0}}}}]","[{""id"":""210127"",""self"":""https://puertodecartagena.atlassian.net/rest/api/3/issueLink/210127"",""type"":{""id"":""10007"",""name"":""Encadenar"",""inward"":""Segundo"",""outward"":""Primero"",""self"":""https://puertodecartagena.atlassian.net/rest/api/3/issueLinkType/10007""},""inwardIssue"":{""id"":""5295603"",""key"":""AC-19070"",""self"":""https://puertodecartagena.atlassian.net/rest/api/3/issue/5295603"",""fields"":{""summary"":""Validar actualización de 'última notificación' y procesamiento exitoso en la ruta TYCA-ANUNCIO"",""status"":{""self"":""https://puertodecartagena.atlassian.net/rest/api/3/status/6"",""description"":""The issue is considered finished, the resolution is correct. Issues which are closed can be reopened."",""iconUrl"":""https://puertodecartagena.atlassian.net/images/icons/statuses/closed.png"",""name"":""Cerrado"",""id"":""6"",""statusCategory"":{""self"":""https://puertodecartagena.atlassian.net/rest/api/3/statuscategory/3"",""id"":3,""key"":""done"",""colorName"":""green"",""name"":""Listo""}},""priority"":{""self"":""https://puertodecartagena.atlassian.net/rest/api/3/priority/10006"",""iconUrl"":""https://puertodecartagena.atlassian.net/images/icons/priorities/critical.svg"",""name"":""Crítica"",""id"":""10006""},""issuetype"":{""self"":""https://puertodecartagena.atlassian.net/rest/api/3/issuetype/10011"",""id"":""10011"",""description"":""Un caso de pruebas "",""iconUrl"":""https://puertodecartagena.atlassian.net/rest/api/2/universal_avatar/view/type/issuetype/avatar/10555?size=medium"",""name"":""Caso de Prueba"",""subtask"":false,""avatarId"":10555,""hierarchyLevel"":0}}}}]","[{""id"":""210128"",""self"":""https://puertodecartagena.atlassian.net/rest/api/3/issueLink/210128"",""type"":{""id"":""10007"",""name"":""Encadenar"",""inward"":""Segundo"",""outward"":""Primero"",""self"":""https://puertodecartagena.atlassian.net/rest/api/3/issueLinkType/10007""},""inwardIssue"":{""id"":""5295604"",""key"":""AC-19071"",""self"":""https://puertodecartagena.atlassian.net/rest/api/3/issue/5295604"",""fields"":{""summary"":""Validar actualización de 'última notificación' y procesamiento exitoso en la ruta TYCA-DFNITDOC"",""status"":{""self"":""https://puertodecartagena.atlassian.net/rest/api/3/status/6"",""description"":""The issue is considered finished, the resolution is correct. Issues which are closed can be reopened."",""iconUrl"":""https://puertodecartagena.atlassian.net/images/icons/statuses/closed.png"",""name"":""Cerrado"",""id"":""6"",""statusCategory"":{""self"":""https://puertodecartagena.atlassian.net/rest/api/3/statuscategory/3"",""id"":3,""key"":""done"",""colorName"":""green"",""name"":""Listo""}},""priority"":{""self"":""https://puertodecartagena.atlassian.net/rest/api/3/priority/10006"",""iconUrl"":""https://puertodecartagena.atlassian.net/images/icons/priorities/critical.svg"",""name"":""Crítica"",""id"":""10006""},""issuetype"":{""self"":""https://puertodecartagena.atlassian.net/rest/api/3/issuetype/10011"",""id"":""10011"",""description"":""Un caso de pruebas "",""iconUrl"":""https://puertodecartagena.atlassian.net/rest/api/2/universal_avatar/view/type/issuetype/avatar/10555?size=medium"",""name"":""Caso de Prueba"",""subtask"":false,""avatarId"":10555,""hierarchyLevel"":0}}}}]","[{""id"":""208873"",""self"":""https://puertodecartagena.atlassian.net/rest/api/3/issueLink/208873"",""type"":{""id"":""10007"",""name"":""Encadenar"",""inward"":""Segundo"",""outward"":""Primero"",""self"":""https://puertodecartagena.atlassian.net/rest/api/3/issueLinkType/10007""},""outwardIssue"":{""id"":""5271760"",""key"":""AC-18988"",""self"":""https://puertodecartagena.atlassian.net/rest/api/3/issue/5271760"",""fields"":{""summary"":""Testing CRI: Corrección CRI rutas que no se notifican."",""status"":{""self"":""https://puertodecartagena.atlassian.net/rest/api/3/status/6"",""description"":""The issue is considered finished, the resolution is correct. Issues which are closed can be reopened."",""iconUrl"":""https://puertodecartagena.atlassian.net/images/icons/statuses/closed.png"",""name"":""Cerrado"",""id"":""6"",""statusCategory"":{""self"":""https://puertodecartagena.atlassian.net/rest/api/3/statuscategory/3"",""id"":3,""key"":""done"",""colorName"":""green"",""name"":""Listo""}},""priority"":{""self"":""https://puertodecartagena.atlassian.net/rest/api/3/priority/10006"",""iconUrl"":""https://puertodecartagena.atlassian.net/images/icons/priorities/critical.svg"",""name"":""Crítica"",""id"":""10006""},""issuetype"":{""self"":""https://puertodecartagena.atlassian.net/rest/api/3/issuetype/10031"",""id"":""10031"",""description"":""Solicitud de Testing "",""iconUrl"":""https://puertodecartagena.atlassian.net/rest/api/2/universal_avatar/view/type/issuetype/avatar/10571?size=medium"",""name"":""Testing"",""subtask"":false,""avatarId"":10571,""hierarchyLevel"":0}}}},{""id"":""211406"",""self"":""https://puertodecartagena.atlassian.net/rest/api/3/issueLink/211406"",""type"":{""id"":""10007"",""name"":""Encadenar"",""inward"":""Segundo"",""outward"":""Primero"",""self"":""https://puertodecartagena.atlassian.net/rest/api/3/issueLinkType/10007""},""outwardIssue"":{""id"":""5316922"",""key"":""AC-19123"",""self"":""https://puertodecartagena.atlassian.net/rest/api/3/issue/5316922"",""fields"":{""summary"":""Implementar en PRODUCCION la corrección CRI rutas que no se notifican"",""status"":{""self"":""https://puertodecartagena.atlassian.net/rest/api/3/status/6"",""description"":""The issue is considered finished, the resolution is correct. Issues which are closed can be reopened."",""iconUrl"":""https://puertodecartagena.atlassian.net/images/icons/statuses/closed.png"",""name"":""Cerrado"",""id"":""6"",""statusCategory"":{""self"":""https://puertodecartagena.atlassian.net/rest/api/3/statuscategory/3"",""id"":3,""key"":""done"",""colorName"":""green"",""name"":""Listo""}},""priority"":{""self"":""https://puertodecartagena.atlassian.net/rest/api/3/priority/10006"",""iconUrl"":""https://puertodecartagena.atlassian.net/images/icons/priorities/critical.svg"",""name"":""Crítica"",""id"":""10006""},""issuetype"":{""self"":""https://puertodecartagena.atlassian.net/rest/api/3/issuetype/10040"",""id"":""10040"",""description"":""Solicitud de paso a producción"",""iconUrl"":""https://puertodecartagena.atlassian.net/rest/api/2/universal_avatar/view/type/issuetype/avatar/10565?size=medium"",""name"":""Solicitud Paso a Producción"",""subtask"":false,""avatarId"":10565,""hierarchyLevel"":0}}}}]","[]","[{""id"":""210184"",""self"":""https://puertodecartagena.atlassian.net/rest/api/3/issueLink/210184"",""type"":{""id"":""10007"",""name"":""Encadenar"",""inward"":""Segundo"",""outward"":""Primero"",""self"":""https://puertodecartagena.atlassian.net/rest/api/3/issueLinkType/10007""},""outwardIssue"":{""id"":""5271760"",""key"":""AC-18988"",""self"":""https://puertodecartagena.atlassian.net/rest/api/3/issue/5271760"",""fields"":{""summary"":""Testing CRI: Corrección CRI rutas que no se notifican."",""status"":{""self"":""https://puertodecartagena.atlassian.net/rest/api/3/status/6"",""description"":""The issue is considered finished, the resolution is correct. Issues which are closed can be reopened."",""iconUrl"":""https://puertodecartagena.atlassian.net/images/icons/statuses/closed.png"",""name"":""Cerrado"",""id"":""6"",""statusCategory"":{""self"":""https://puertodecartagena.atlassian.net/rest/api/3/statuscategory/3"",""id"":3,""key"":""done"",""colorName"":""green"",""name"":""Listo""}},""priority"":{""self"":""https://puertodecartagena.atlassian.net/rest/api/3/priority/10006"",""iconUrl"":""https://puertodecartagena.atlassian.net/images/icons/priorities/critical.svg"",""name"":""Crítica"",""id"":""10006""},""issuetype"":{""self"":""https://puertodecartagena.atlassian.net/rest/api/3/issuetype/10031"",""id"":""10031"",""description"":""Solicitud de Testing "",""iconUrl"":""https://puertodecartagena.atlassian.net/rest/api/2/universal_avatar/view/type/issuetype/avatar/10571?size=medium"",""name"":""Testing"",""subtask"":false,""avatarId"":10571,""hierarchyLevel"":0}}}}]","[]","[{""id"":""210279"",""self"":""https://puertodecartagena.atlassian.net/rest/api/3/issueLink/210279"",""type"":{""id"":""10007"",""name"":""Encadenar"",""inward"":""Segundo"",""outward"":""Primero"",""self"":""https://puertodecartagena.atlassian.net/rest/api/3/issueLinkType/10007""},""outwardIssue"":{""id"":""5271760"",""key"":""AC-18988"",""self"":""https://puertodecartagena.atlassian.net/rest/api/3/issue/5271760"",""fields"":{""summary"":""Testing CRI: Corrección CRI rutas que no se notifican."",""status"":{""self"":""https://puertodecartagena.atlassian.net/rest/api/3/status/6"",""description"":""The issue is considered finished, the resolution is correct. Issues which are closed can be reopened."",""iconUrl"":""https://puertodecartagena.atlassian.net/images/icons/statuses/closed.png"",""name"":""Cerrado"",""id"":""6"",""statusCategory"":{""self"":""https://puertodecartagena.atlassian.net/rest/api/3/statuscategory/3"",""id"":3,""key"":""done"",""colorName"":""green"",""name"":""Listo""}},""priority"":{""self"":""https://puertodecartagena.atlassian.net/rest/api/3/priority/10006"",""iconUrl"":""https://puertodecartagena.atlassian.net/images/icons/priorities/critical.svg"",""name"":""Crítica"",""id"":""10006""},""issuetype"":{""self"":""https://puertodecartagena.atlassian.net/rest/api/3/issuetype/10031"",""id"":""10031"",""description"":""Solicitud de Testing "",""iconUrl"":""https://puertodecartagena.atlassian.net/rest/api/2/universal_avatar/view/type/issuetype/avatar/10571?size=medium"",""name"":""Testing"",""subtask"":false,""avatarId"":10571,""hierarchyLevel"":0}}}}]","[]","[{""id"":""211405"",""self"":""https://puertodecartagena.atlassian.net/rest/api/3/issueLink/211405"",""type"":{""id"":""10007"",""name"":""Encadenar"",""inward"":""Segundo"",""outward"":""Primero"",""self"":""https://puertodecartagena.atlassian.net/rest/api/3/issueLinkType/10007""},""outwardIssue"":{""id"":""5271760"",""key"":""AC-18988"",""self"":""https://puertodecartagena.atlassian.net/rest/api/3/issue/5271760"",""fields"":{""summary"":""Testing CRI: Corrección CRI rutas que no se notifican."",""status"":{""self"":""https://puertodecartagena.atlassian.net/rest/api/3/status/6"",""description"":""The issue is considered finished, the resolution is correct. Issues which are closed can be reopened."",""iconUrl"":""https://puertodecartagena.atlassian.net/images/icons/statuses/closed.png"",""name"":""Cerrado"",""id"":""6"",""statusCategory"":{""self"":""https://puertodecartagena.atlassian.net/rest/api/3/statuscategory/3"",""id"":3,""key"":""done"",""colorName"":""green"",""name"":""Listo""}},""priority"":{""self"":""https://puertodecartagena.atlassian.net/rest/api/3/priority/10006"",""iconUrl"":""https://puertodecartagena.atlassian.net/images/icons/priorities/critical.svg"",""name"":""Crítica"",""id"":""10006""},""issuetype"":{""self"":""https://puertodecartagena.atlassian.net/rest/api/3/issuetype/10031"",""id"":""10031"",""description"":""Solicitud de Testing "",""iconUrl"":""https://puertodecartagena.atlassian.net/rest/api/2/universal_avatar/view/type/issuetype/avatar/10571?size=medium"",""name"":""Testing"",""subtask"":false,""avatarId"":10571,""hierarchyLevel"":0}}}},{""id"":""211406"",""self"":""https://puertodecartagena.atlassian.net/rest/api/3/issueLink/211406"",""type"":{""id"":""10007"",""name"":""Encadenar"",""inward"":""Segundo"",""outward"":""Primero"",""self"":""https://puertodecartagena.atlassian.net/rest/api/3/issueLinkType/10007""},""inwardIssue"":{""id"":""5277917"",""key"":""AC-19006"",""self"":""https://puertodecartagena.atlassian.net/rest/api/3/issue/5277917"",""fields"":{""summary"":""Lista de Chequeo y seguimiento QA - Corrección CRI rutas que no se notifican."",""status"":{""self"":""https://puertodecartagena.atlassian.net/rest/api/3/status/6"",""description"":""The issue is considered finished, the resolution is correct. Issues which are closed can be reopened."",""iconUrl"":""https://puertodecartagena.atlassian.net/images/icons/statuses/closed.png"",""name"":""Cerrado"",""id"":""6"",""statusCategory"":{""self"":""https://puertodecartagena.atlassian.net/rest/api/3/statuscategory/3"",""id"":3,""key"":""done"",""colorName"":""green"",""name"":""Listo""}},""priority"":{""self"":""https://puertodecartagena.atlassian.net/rest/api/3/priority/10002"",""iconUrl"":""https://puertodecartagena.atlassian.net/images/icons/priorities/major.svg"",""name"":""Mayor"",""id"":""10002""},""issuetype"":{""self"":""https://puertodecartagena.atlassian.net/rest/api/3/issuetype/10045"",""id"":""10045"",""description"":"""",""iconUrl"":""https://puertodecartagena.atlassian.net/rest/api/2/universal_avatar/view/type/issuetype/avatar/10300?size=medium"",""name"":""Implementación Q&A"",""subtask"":false,""avatarId"":10300,""hierarchyLevel"":0}}}},{""id"":""211407"",""self"":""https://puertodecartagena.atlassian.net/rest/api/3/issueLink/211407"",""type"":{""id"":""10007"",""name"":""Encadenar"",""inward"":""Segundo"",""outward"":""Primero"",""self"":""https://puertodecartagena.atlassian.net/rest/api/3/issueLinkType/10007""},""outwardIssue"":{""id"":""5296215"",""key"":""AC-19074"",""self"":""https://puertodecartagena.atlassian.net/rest/api/3/issue/5296215"",""fields"":{""summary"":""ADMON: Corrección CRI rutas que no se notifican"",""status"":{""self"":""https://puertodecartagena.atlassian.net/rest/api/3/status/6"",""description"":""The issue is considered finished, the resolution is correct. Issues which are closed can be reopened."",""iconUrl"":""https://puertodecartagena.atlassian.net/images/icons/statuses/closed.png"",""name"":""Cerrado"",""id"":""6"",""statusCategory"":{""self"":""https://puertodecartagena.atlassian.net/rest/api/3/statuscategory/3"",""id"":3,""key"":""done"",""colorName"":""green"",""name"":""Listo""}},""priority"":{""self"":""https://puertodecartagena.atlassian.net/rest/api/3/priority/10002"",""iconUrl"":""https://puertodecartagena.atlassian.net/images/icons/priorities/major.svg"",""name"":""Mayor"",""id"":""10002""},""issuetype"":{""self"":""https://puertodecartagena.atlassian.net/rest/api/3/issuetype/10046"",""id"":""10046"",""description"":""Jira principal para ambiente de Pre-Producción "",""iconUrl"":""https://puertodecartagena.atlassian.net/rest/api/2/universal_avatar/view/type/issuetype/avatar/10307?size=medium"",""name"":""Admon Pre-Produccion"",""subtask"":false,""avatarId"":10307,""hierarchyLevel"":0}}}},{""id"":""212369"",""self"":""https://puertodecartagena.atlassian.net/rest/api/3/issueLink/212369"",""type"":{""id"":""10006"",""name"":""Problem/Incident"",""inward"":""is caused by"",""outward"":""causes"",""self"":""https://puertodecartagena.atlassian.net/rest/api/3/issueLinkType/10006""},""outwardIssue"":{""id"":""5330062"",""key"":""MDI-2305"",""self"":""https://puertodecartagena.atlassian.net/rest/api/3/issue/5330062"",""fields"":{""summary"":""Montaje cri"",""status"":{""self"":""https://puertodecartagena.atlassian.net/rest/api/3/status/10003"",""description"":"""",""iconUrl"":""https://puertodecartagena.atlassian.net/images/icons/statuses/generic.png"",""name"":""Terminado"",""id"":""10003"",""statusCategory"":{""self"":""https://puertodecartagena.atlassian.net/rest/api/3/statuscategory/3"",""id"":3,""key"":""done"",""colorName"":""green"",""name"":""Listo""}},""priority"":{""self"":""https://puertodecartagena.atlassian.net/rest/api/3/priority/10006"",""iconUrl"":""https://puertodecartagena.atlassian.net/images/icons/priorities/critical.svg"",""name"":""Crítica"",""id"":""10006""},""issuetype"":{""self"":""https://puertodecartagena.atlassian.net/rest/api/3/issuetype/10013"",""id"":""10013"",""description"":""Una tarea que necesita ser realizada. "",""iconUrl"":""https://puertodecartagena.atlassian.net/rest/api/2/universal_avatar/view/type/issuetype/avatar/10318?size=medium"",""name"":""Tarea"",""subtask"":false,""avatarId"":10318,""hierarchyLevel"":0}}}}]","[]","[]","[]","[]","[]"
"Descripción","[object Object]","[object Object]","[object Object]","[object Object]","[object Object]","[object Object]","[object Object]","[object Object]","[object Object]","[object Object]","[object Object]","[object Object]","","[object Object]","","[object Object]","","[object Object]","","","","",""
